<?xml version="1.0" encoding="UTF-8"?>
<project-private xmlns="http://www.netbeans.org/ns/project-private/1">
    <editor-bookmarks xmlns="http://www.netbeans.org/ns/editor-bookmarks/2" lastBookmarkId="0"/>
    <open-files xmlns="http://www.netbeans.org/ns/projectui-open-files/2">
        <group>
            <file>file:/C:/Users/alexs/OneDrive/Documentos/NetBeansProjects/ClinicaMedica_1/web/consultaPaciente.html</file>
            <file>file:/C:/Users/alexs/OneDrive/Documentos/NetBeansProjects/ClinicaMedica_1/src/java/br/com/clinica/servlets/CadastroMedicoServlet.java</file>
            <file>file:/C:/Users/alexs/OneDrive/Documentos/NetBeansProjects/ClinicaMedica_1/src/java/br/com/clinica/servlets/ConsultaPacientesServlet.java</file>
            <file>file:/C:/Users/alexs/OneDrive/Documentos/NetBeansProjects/ClinicaMedica_1/web/consultaMedicos.html</file>
            <file>file:/C:/Users/alexs/OneDrive/Documentos/NetBeansProjects/ClinicaMedica_1/web/index.html</file>
            <file>file:/C:/Users/alexs/OneDrive/Documentos/NetBeansProjects/ClinicaMedica_1/src/java/br/com/clinica/servlets/CadastroPacienteServlet.java</file>
            <file>file:/C:/Users/alexs/OneDrive/Documentos/NetBeansProjects/ClinicaMedica_1/web/pacientes.html</file>
        </group>
    </open-files>
</project-private>
